ANNEE;Type_sexe;total_remboursement
2024;Femme;2006597.550000000000
2024;Homme;1877908.150000000000
2025;Femme;854777.450000000000
2025;Homme;791993.540000000000
