ANNEE;rembourssement réelle 
2024;3884991.200000000000
2025;1646770.990000000000
